<?xml version="1.0"?>
<Copor>
   <Pas>
      <Name>Pörgelóci Okos</Name>
      <Nickname>Amora</Nickname>
      <Image>amora.jpg</Image>
      <Sex>Female</Sex>
      <Date>16.5.2018</Date>
      <Color>Black</Color>
      <Mother>Pörgelóci Latorca</Mother>
      <Father>Pörgelóci Szerencse</Father>
  </Pas>
   <Pas>
      <Name>Pörgelóci Napsugár</Name>
      <Nickname>Astra</Nickname>
      <Image>stra.jpg</Image>
      <Sex>Female</Sex>
      <Date>18.9.2019</Date>
      <Color>White</Color>
      <Mother>Pörgelóci Ficere</Mother>
      <Father>Pörgelóci Fehér Holló</Father>
  </Pas>
     <Pas>
      <Name>Leti - Leti Zvončica</Name>
      <Nickname>Pixie</Nickname>
      <Image>pix.jpg</Image>
      <Sex>Female</Sex>
      <Date>7.5.2021</Date>
      <Color>Black</Color>
      <Mother>Pörgelóci Okos</Mother>
      <Father>Pörgelóci Legenda</Father>
  </Pas>
     <Pas>
      <Name>Harangod-Vidéki Orgona</Name>
      <Nickname>Šati</Nickname>
      <Image>suti.jpg</Image>
      <Sex>Female</Sex>
      <Date>30.5.2021</Date>
      <Color>Black</Color>
      <Mother>Maszkos-fakó</Mother>
      <Father>Ludas Matyi Istók</Father>
  </Pas>
</Copor>